index,module,topic,color,feed,term,created,country,ratio,counter,pages,language,ipcc,continent
'59c8193ccb',extremes,Thunderstorm,#53785a,wmo,হরিয়ানার ৭টি জেলায় শিলাবৃষ্টি,2026-01-22T03:59:00+00:00,India,0.3023409184539,4,1,bn,SAS,Asia
'e635ff71fc',extremes,Cold Wave,#a7e9fa,wmo,হিমায়িত পাঞ্জাবের ৭টি জেলা,2026-01-22T03:59:00+00:00,India,0.2960897720081114,4,1,bn,SAS,Asia
'90522631da',extremes,Precipitation,#d60d2b,wmo,বৃষ্টিপাত ভারত,2026-01-25T04:06:00+00:00,India,0.2943933139407777,4,1,bn,SAS,Asia
'18eeb50f0c',extremes,Snow&Ice,#d60d2b,wmo,তুষার ভারত,2026-01-15T10:56:00+00:00,India,0.2782471493269637,3,1,bn,SAS,Asia
'f5090b53e9',extremes,Drought,#edc291,edo,শুষ্কতা ফ্রেঞ্চ পলিনেশিয়া,2026-01-15T10:57:00+00:00,French Polynesia,0.2714834200823606,1,1,bn,SPO,Pacific Ocean
'93760c82eb',extremes,Drought,#edc291,edo,শুষ্কতা লেসোথো,2026-01-15T10:57:00+00:00,Lesotho,0.2714721856947866,1,1,bn,ESAF,Africa
'88c42e7c0f',extremes,Drought,#edc291,edo,বৃষ্টি টঙ্গার অভাব,2026-01-15T10:57:00+00:00,Tonga,0.2714711867256815,1,1,bn,SPO,Pacific Ocean
'fada59714f',extremes,Drought,#edc291,edo,বৃষ্টির অভাব জাম্বিয়া,2026-01-15T10:57:00+00:00,Zambia,0.2714606854769112,1,1,bn,ESAF,Africa
'cdbf3f27ef',extremes,Drought,#edc291,edo,শুকনো বানান হাইতি,2026-01-15T10:57:00+00:00,Haiti,0.2714385611404515,1,1,bn,CAR,North-America
'2072c25fd3',extremes,Drought,#edc291,edo,শুকনো বানান গায়ানা,2026-01-15T10:57:00+00:00,Guyana,0.271432043641051,1,1,bn,NSA,South-America
'6797a9705d',extremes,Drought,#edc291,edo,খরা জ্যামাইকা,2026-01-15T10:57:00+00:00,Jamaica,0.2714264476372032,1,1,bn,CAR,North-America
'68eb7178de',extremes,Earthquake,#870007,usgs,ভূমিকম্প ইয়াসুগিচো,2026-01-15T10:56:00+00:00,Japan,0.2714172304837331,1,1,bn,EAS,Asia
'7ae6318c5b',extremes,Earthquake,#870007,usgs,ভূমিকম্প শিকোতন,2026-01-15T12:13:00+00:00,Russia,0.2714152818084726,1,1,bn,EAS,Asia
'6cfc55b8b1',extremes,Drought,#edc291,edo,শুষ্কতা বনয়ার সাধু ইউস্টাটিয়াস এবং সাবা,2026-01-15T10:57:00+00:00,Bonaire; Saint Eustatius and Saba ,0.271414138736716,1,1,bn,CAR,North-America
'e5b46f3978',extremes,Drought,#edc291,edo,শুষ্ক বানান আর্জেন্টিনা,2026-01-15T10:57:00+00:00,Argentina,0.2714138644471487,1,1,bn,SES,South-America
'c92435bdaa',extremes,Drought,#edc291,edo,বৃষ্টির অভাব এল সালভাদর,2026-01-15T10:57:00+00:00,El Salvador,0.2714118413393501,1,1,bn,SCA,North-America
'04bee72edb',extremes,Drought,#edc291,edo,অ্যান্টিগুয়া এবং বারবুডা বৃষ্টির অভাব,2026-01-15T10:57:00+00:00,Antigua and Barbuda,0.2714045969038918,1,1,bn,CAR,North-America
'7e642c0883',extremes,Drought,#edc291,edo,শুকনো বানান অ্যাঙ্গুইলা,2026-01-15T10:57:00+00:00,Anguilla,0.2714040755330656,1,1,bn,CAR,North-America
'd46ac7becc',extremes,Drought,#edc291,edo,বৃষ্টির অভাব আরুবা,2026-01-15T10:57:00+00:00,Aruba,0.271400984153954,1,1,bn,CAR,North-America
'63b3a5e343',extremes,Earthquake,#870007,usgs,ভূমিকম্প সান মার্কোস,2026-01-15T10:56:00+00:00,Mexico,0.2713880958626502,1,1,bn,SCA,North-America
'8d4d1faca9',extremes,Drought,#edc291,edo,বৃষ্টির অভাব ডমিনিকা,2026-01-15T10:57:00+00:00,Dominica,0.2713839030534642,1,1,bn,CAR,North-America
'07babddb74',extremes,Drought,#edc291,edo,dught sint marten,2026-01-15T10:57:00+00:00,Sint Maarten,0.2713836041978054,1,1,bn,CAR,North-America
'e9560fc8a0',extremes,Drought,#edc291,edo,শুষ্কতা niue,2026-01-15T10:57:00+00:00,Niue,0.2713830759501602,1,1,bn,SPO,Oceania
'b17a7abcd9',extremes,Drought,#edc291,edo,খরা গ্রেনাডা,2026-01-15T10:57:00+00:00,Grenada,0.2713722197884964,1,1,bn,CAR,North-America
'6b46d821ab',extremes,Drought,#edc291,edo,শুষ্কতা সাধু বার্থেলেমি,2026-01-15T10:57:00+00:00,Saint Barthelemy,0.2713674503108527,1,1,bn,CAR,North-America
'3ab16eefc6',extremes,Earthquake,#870007,usgs,ভূমিকম্প শিওজিরি,2026-01-15T12:13:00+00:00,Japan,0.27135369736050863,1,1,bn,EAS,Asia
'd3bdc49581',extremes,Drought,#edc291,edo,বৃষ্টির সবুজ ভূমির অভাব,2026-01-15T10:57:00+00:00,Greenland,0.2713423786237947,1,1,bn,GIC,North-America
'8ed666f950',extremes,Earthquake,#870007,usgs,ভূমিকম্প ভেগেটা,2026-01-15T10:56:00+00:00,Peru,0.2713273284449511,1,1,bn,NWS,South-America
'a1afcda67a',extremes,Earthquake,#870007,usgs,ভূমিকম্প ক্যাম্পো ভার্দে,2026-01-15T12:13:00+00:00,Peru,0.2713259404985667,1,1,bn,NWS,South-America
'b2bc2d0c7f',extremes,Snow Avalanche,#deddd5,wmo,তুষারপাত ভারত,2026-01-25T04:06:00+00:00,India,0.2686673449928926,5,1,bn,SAS,Asia
'7e6c45f3ef',extremes,Snow Avalanche,#deddd5,wmo,হিমাচল প্রদেশের কুল্লু জেলায় তুষারপাত,2026-01-26T04:09:00+00:00,India,0.2671356619896445,5,1,bn,SAS,Asia
'fc335e869f',extremes,Thunderstorm,#53785a,wmo,বজ্রঝড় ভারত,2026-01-27T03:58:00+00:00,India,0.2593805221357448,5,1,bn,SAS,Asia
'c95e885889',extremes,Thunderstorm,#53785a,wmo,তীব্র আবহাওয়া ভারত,2026-01-27T03:58:00+00:00,India,0.2552775755463827,4,1,bn,SAS,Asia
'b1407ca4f5',extremes,Precipitation,#d60d2b,wmo,বৃষ্টি ভারত,2026-01-25T04:06:00+00:00,India,0.2522689835872992,5,1,bn,SAS,Asia
'7b53ac38f5',extremes,Drought,#edc291,edo,শুষ্ক বানান বাংলাদেশ,2026-01-15T10:57:00+00:00,Bangladesh,0.2472027368445628,3,1,bn,SAS,Asia
'62ede3d2ca',extremes,Thunderstorm,#53785a,wmo,বজ্রঝড় পাঞ্জাবের ১১টি জেলায়,2026-01-22T03:59:00+00:00,India,0.2464409538280801,4,1,bn,SAS,Asia
'da87fd7743',extremes,Fog,#d60d2b,wmo,কুয়াশা অন্ধ্রপ্রদেশের এলুরু জেলা,2026-01-17T03:44:00+00:00,India,0.2402478756434859,4,1,bn,SAS,Asia
'2eb7e98146',extremes,Snow Avalanche,#deddd5,wmo,উত্তরাখণ্ডের চামোলি জেলায় তুষারপাত,2026-01-25T04:06:00+00:00,India,0.2394843753047897,4,1,bn,SAS,Asia
'e529a9043d',extremes,Fog,#d60d2b,wmo,হরিয়ানার হিসার জেলা,2026-01-19T04:03:00+00:00,India,0.2384187475941767,5,1,bn,SAS,Asia
'271200cbb0',extremes,Wildfire,#d60d2b,wmo,দাবানল অন্ধ্রপ্রদেশ,2026-01-15T10:56:00+00:00,India,0.2364446920264552,2,1,bn,SAS,Asia
'eff78b7be8',extremes,Drought,#edc291,edo,খরা বাংলাদেশ,2026-01-15T12:14:00+00:00,Bangladesh,0.2362666725353353,6,1,bn,SAS,Asia
'f2cea183b1',extremes,Cold Wave,#a7e9fa,wmo,রাজস্থানের ৫টি জেলায় শৈত্যপ্রবাহ,2026-01-15T10:56:00+00:00,India,0.2358936018143775,6,1,bn,SAS,Asia
'5e4bef8c2c',extremes,Cold Wave,#a7e9fa,wmo,হিম তরঙ্গ ভারত,2026-01-15T10:56:00+00:00,India,0.2357967838399501,6,1,bn,SAS,Asia
'dd346fd726',extremes,Cold Wave,#a7e9fa,wmo,রাজস্থানের ৫টি জেলা হিমায়িত,2026-01-15T12:14:00+00:00,India,0.235792619357306,6,1,bn,SAS,Asia
'e3e012c1ea',extremes,Snow&Ice,#d60d2b,wmo,হিম ভারত,2026-01-15T12:14:00+00:00,India,0.2357910435081321,6,1,bn,SAS,Asia
'8437b1b153',extremes,Fog,#d60d2b,wmo,কুয়াশা nw nc ঘন কুয়াশা,2026-01-18T03:57:00+00:00,India,0.2347824949469873,5,1,bn,SAS,Asia
'a8ed721e08',extremes,Fog,#d60d2b,wmo,কুয়াশা ভারত,2026-01-15T10:56:00+00:00,India,0.234191317418108,2,1,bn,SAS,Asia
'4609262d69',extremes,Fog,#d60d2b,wmo,কুয়াশা অন্ধ্রপ্রদেশের বাপটলা জেলা,2026-01-18T03:57:00+00:00,India,0.2321586607719835,5,1,bn,SAS,Asia
'3a67915e02',extremes,Earthquake,#870007,usgs,ভূমিকম্প পেরু,2026-01-15T10:56:00+00:00,Peru,0.2310967276033172,2,1,bn,NWS,South-America
'66889dc3f2',extremes,Earthquake,#870007,usgs,ভূমিকম্প ওলাগুয়ে,2026-01-15T10:56:00+00:00,Chile,0.2310963665696485,2,1,bn,SWS,South-America
'6bad2a8cbc',extremes,Earthquake,#870007,usgs,ভূমিকম্প সান আগুস্টিন দে ভ্যালে ফার্টিল,2026-01-15T12:13:00+00:00,Argentina,0.2310943625019648,2,1,bn,SES,South-America
'76ad379230',extremes,Earthquake,#870007,usgs,ভূমিকম্প পেট্রোপাভলভস্ক কামচাটস্কি,2026-01-15T10:56:00+00:00,Russia,0.2310858082593447,2,1,bn,RFE,Asia
'4d51911b1d',extremes,Earthquake,#870007,usgs,ভূমিকম্প সোলা,2026-01-15T10:56:00+00:00,Vanuatu,0.2310789162016141,2,1,bn,SPO,Pacific Ocean
'43165fdae0',extremes,Earthquake,#870007,usgs,ভূমিকম্প ভিলা ব্যাসিলিও নিভাস,2026-01-15T12:13:00+00:00,Argentina,0.2310677269317954,2,1,bn,SWS,South-America
'01e4b0cc71',extremes,Earthquake,#870007,usgs,ভূমিকম্প কুরিলস্ক,2026-01-15T10:56:00+00:00,Russia,0.2310632926694195,2,1,bn,EAS,Asia
'f8fc7b9a8d',extremes,Tsunami,#690191,usgs,সুনামি ইয়াকুত,2026-01-15T10:56:00+00:00,Canada,0.2310617656621366,2,1,bn,NWN,North-America
'f5e86f8f49',extremes,Earthquake,#870007,usgs,ভূমিকম্প সান মিগুয়েল,2026-01-15T10:56:00+00:00,Ecuador,0.2310602484253391,2,1,bn,NWS,South-America
'e6998a615e',extremes,Earthquake,#870007,usgs,ভূমিকম্প মুরঘব,2026-01-15T12:13:00+00:00,Tajikistan,0.2310590808892924,2,1,bn,WCA,Asia
'70773b5956',extremes,Earthquake,#870007,usgs,ভূমিকম্প আলাস্কা,2026-01-15T10:56:00+00:00,Alaska,0.2310567373305245,2,1,bn,NWN,North-America
'4594f1a372',extremes,Earthquake,#870007,usgs,ভূমিকম্প ইরান,2026-01-15T10:56:00+00:00,Iran,0.2310512282899902,2,1,bn,WCA,Asia
'957a7a09df',extremes,Earthquake,#870007,usgs,ভূমিকম্প আটু স্টেশন,2026-01-15T10:56:00+00:00,Alaska,0.2310510740635845,2,1,bn,NPO,Pacific Ocean
'db2a276fc1',extremes,Earthquake,#870007,usgs,ভূমিকম্প আইসেন,2026-01-15T12:13:00+00:00,Chile,0.231050833526676,2,1,bn,SWS,South-America
'8710bd49ea',extremes,Earthquake,#870007,usgs,ভূমিকম্প সেভেরো কুরিলস্ক,2026-01-15T10:56:00+00:00,Russia,0.2310498410777989,2,1,bn,RFE,Asia
'51dfc3f3e1',extremes,Earthquake,#870007,usgs,ভূমিকম্প কোকোপো,2026-01-15T10:56:00+00:00,Papua New Guinea,0.2310450639604185,2,1,bn,EPO,Pacific Ocean
'fc0fd225f3',extremes,Earthquake,#870007,usgs,ভূমিকম্প বার্মা মিয়ানমার,2026-01-15T12:13:00+00:00,Burma (Myanmar),0.2310449583093914,2,1,bn,SAS,Asia
'066ed457ed',extremes,Earthquake,#870007,usgs,ভূমিকম্প উত্তর মারিয়ানা দ্বীপপুঞ্জ,2026-01-15T12:13:00+00:00,Northern Mariana Islands,0.2310426680769775,2,1,bn,NPO,Pacific Ocean
'4ea40cfaf4',extremes,Earthquake,#870007,usgs,ভূমিকম্প প্রিন্স এডওয়ার্ড দ্বীপপুঞ্জ অঞ্চল,2026-01-15T10:56:00+00:00,,0.2310373784589867,2,1,bn,SOO,Antarctica
'f7921ef009',extremes,Earthquake,#870007,usgs,ভূমিকম্প ভিলুচিনস্ক,2026-01-15T10:56:00+00:00,Russia,0.231036363343908,2,1,bn,RFE,Asia
'1133ce1349',extremes,Earthquake,#870007,usgs,ভূমিকম্প কোস্টারিকা,2026-01-15T12:13:00+00:00,Costa Rica,0.2310360320616764,2,1,bn,SCA,South-America
'c685705bbd',extremes,Earthquake,#870007,usgs,ভূমিকম্প চীন,2026-01-15T10:56:00+00:00,China,0.2310357082812408,2,1,bn,EAS,Asia
'f5afb20efd',extremes,Earthquake,#870007,usgs,ভূমিকম্প দক্ষিণ স্যান্ডউইচ দ্বীপ অঞ্চল,2026-01-15T10:56:00+00:00,,0.2310314154556338,2,1,bn,SOO,Antarctica
'17c827a010',extremes,Earthquake,#870007,usgs,ভূমিকম্প জাপান,2026-01-15T10:56:00+00:00,Japan,0.231030124003695,2,1,bn,EAS,Asia
'0a2120b175',extremes,Earthquake,#870007,usgs,ভূমিকম্প দিয়েগো ডি আলমাগ্রো,2026-01-15T10:56:00+00:00,Chile,0.2310227769573228,2,1,bn,SWS,South-America
'7d79b2a1fb',extremes,Earthquake,#870007,usgs,ভূমিকম্প কেনকং,2026-01-15T12:13:00+00:00,Indonesia,0.231021997610589,2,1,bn,NAU,Oceania
'6628268bda',extremes,Earthquake,#870007,usgs,ভূমিকম্প করলা,2026-01-15T10:56:00+00:00,China,0.2310185235177888,2,1,bn,ECA,Asia
'd920e41c1e',extremes,Earthquake,#870007,usgs,ভূমিকম্প মেকেলে,2026-01-15T12:13:00+00:00,Ethiopia,0.2310175934006946,2,1,bn,NEAF,Africa
'29aa7b93c5',extremes,Earthquake,#870007,usgs,ফিজি দ্বীপপুঞ্জের দক্ষিণে ভূমিকম্প,2026-01-15T10:56:00+00:00,,0.2310166286275143,2,1,bn,SPO,Pacific Ocean
'3e36cbc783',extremes,Earthquake,#870007,usgs,ভূমিকম্প la concepción,2026-01-15T12:13:00+00:00,Venezuela,0.2310136211282333,2,1,bn,NWS,South-America
'8bf8909453',extremes,Earthquake,#870007,usgs,ভূমিকম্প লেভুকা,2026-01-15T10:56:00+00:00,Fiji,0.2310114853417556,2,1,bn,SPO,Pacific Ocean
'2fa9116266',extremes,Earthquake,#870007,usgs,ভূমিকম্প পোর্ট আলসওয়ার্থ,2026-01-15T12:13:00+00:00,United States,0.2310078681263102,2,1,bn,NWN,North-America
'0f6b56852d',extremes,Earthquake,#870007,usgs,ভূমিকম্পের ব্যাকুলিন,2026-01-15T10:56:00+00:00,Philippines,0.2310055259120203,2,1,bn,SEA,Asia
'80f83e2f4e',extremes,Earthquake,#870007,usgs,ভূমিকম্প বলিভিয়া,2026-01-15T12:13:00+00:00,Bolivia,0.2310036928000956,2,1,bn,SES,South-America
'c797f587a9',extremes,Flood,#030ba1,aidr,বন্যা বুনাহ কুইন্সল্যান্ড,2026-01-15T10:57:00+00:00,Australia,0.2310030639713827,2,1,bn,EAU,Oceania
'daed8f4597',extremes,Earthquake,#870007,usgs,ভূমিকম্প সোমালিয়া,2026-01-15T12:13:00+00:00,Somalia,0.2309994403956945,2,1,bn,NEAF,Africa
'997a2e2157',extremes,Earthquake,#870007,usgs,ভূমিকম্প আর্জেন্টিনা,2026-01-15T10:56:00+00:00,Argentina,0.2309950130997242,2,1,bn,SWS,South-America
'ad41fee440',extremes,Earthquake,#870007,usgs,ভূমিকম্প লতা,2026-01-15T10:56:00+00:00,Solomon Islands,0.2309932801397524,2,1,bn,SPO,Oceania
'0b2fd57376',extremes,Earthquake,#870007,usgs,ভূমিকম্প তাইওয়ান,2026-01-15T12:13:00+00:00,Taiwan,0.2309860806507232,2,1,bn,EAS,Asia
'8abf2def70',extremes,Earthquake,#870007,usgs,ভূমিকম্প আগ্নেয়গিরি দ্বীপ জাপান অঞ্চল,2026-01-15T10:56:00+00:00,,0.230983556267997,2,1,bn,NPO,Pacific Ocean
'da0b9741fb',extremes,Earthquake,#870007,usgs,ভূমিকম্প রাঞ্চো ভিজো,2026-01-15T12:13:00+00:00,Mexico,0.2309824012531697,2,1,bn,SCA,North-America
'5bf34f285a',extremes,Earthquake,#870007,usgs,ভূমিকম্প ইতালি,2026-01-15T10:56:00+00:00,Italy,0.2309822245815093,2,1,bn,MED,Europe
'8684156e57',extremes,Earthquake,#870007,usgs,ভূমিকম্প ইসঞ্জেল,2026-01-15T12:13:00+00:00,Vanuatu,0.230973327985844,2,1,bn,SPO,Pacific Ocean
'17b150a7a2',extremes,Earthquake,#870007,usgs,ভূমিকম্প তানজানিয়া,2026-01-15T10:56:00+00:00,Tanzania,0.2309727550332579,2,1,bn,SEAF,Africa
'cc449c3731',extremes,Earthquake,#870007,usgs,ভূমিকম্প কেরমাডেক দ্বীপপুঞ্জ অঞ্চল,2026-01-15T10:56:00+00:00,,0.230966301779353,2,1,bn,SPO,Pacific Ocean
'5484f48de4',extremes,Earthquake,#870007,usgs,ভূমিকম্প মধ্য ভারতীয় রিজ,2026-01-15T10:56:00+00:00,,0.230966098758374,2,1,bn,SIO,Indian Ocean
'f200ff28aa',extremes,Earthquake,#870007,usgs,ভূমিকম্প মার্কিন যুক্তরাষ্ট্র,2026-01-15T10:56:00+00:00,United States,0.2309644535599714,2,1,bn,WNA,North-America
'e98c9b3f42',extremes,Earthquake,#870007,usgs,ভূমিকম্প ড্রেক প্যাসেজ,2026-01-15T10:56:00+00:00,,0.2309622457026187,2,1,bn,SOO,Antarctica
'6ff5caa4ff',extremes,Earthquake,#870007,usgs,ভূমিকম্প আতকা,2026-01-15T10:56:00+00:00,Alaska,0.2309612010203651,2,1,bn,NPO,Pacific Ocean
'8b5b4c9d3b',extremes,Earthquake,#870007,usgs,ভূমিকম্প পুয়ের্তো সান্তা,2026-01-15T10:56:00+00:00,Peru,0.2309578919591298,2,1,bn,NWS,South-America
'37af8de5d1',extremes,Earthquake,#870007,usgs,ভূমিকম্প ইস্টার দ্বীপ অঞ্চল,2026-01-15T10:56:00+00:00,,0.2309548368910707,2,1,bn,SPO,Pacific Ocean
'd1b76ff32a',extremes,Earthquake,#870007,usgs,ভূমিকম্প মিয়াকো,2026-01-15T10:56:00+00:00,Japan,0.230954614653359,2,1,bn,EAS,Asia
'7a3d1676da',extremes,Earthquake,#870007,usgs,ভূমিকম্প ফিলিপাইন,2026-01-15T10:56:00+00:00,Philippines,0.2309477475113371,2,1,bn,SEA,Asia
'27bfeaeef2',extremes,Earthquake,#870007,usgs,ভূমিকম্প কুড়িল দ্বীপপুঞ্জ,2026-01-15T10:56:00+00:00,,0.2309396760033406,2,1,bn,RFE,Asia
'3ba62ce4f2',extremes,Earthquake,#870007,usgs,ভূমিকম্প গ্রিস,2026-01-15T10:56:00+00:00,Greece,0.2309357863793491,2,1,bn,MED,Europe
'909be204f9',extremes,Earthquake,#870007,usgs,লয়ালটি দ্বীপের দক্ষিণ-পূর্বে ভূমিকম্প,2026-01-15T10:56:00+00:00,,0.2309289511770538,2,1,bn,SPO,Pacific Ocean
'731557e0bc',extremes,Earthquake,#870007,usgs,ভূমিকম্প তিমুর লেস্টে,2026-01-15T10:56:00+00:00,Timor Leste,0.2309285414371935,2,1,bn,SEA,Asia
'7d68920b56',extremes,Earthquake,#870007,usgs,ভূমিকম্প নিকারাগুয়া,2026-01-15T10:56:00+00:00,Nicaragua,0.230916780460915,2,1,bn,SCA,North-America
'1f343ea703',extremes,Earthquake,#870007,usgs,ভূমিকম্প ডগানিওল,2026-01-15T12:13:00+00:00,Turkey,0.2309069792435684,2,1,bn,MED,Asia
'c42e3feacc',extremes,Earthquake,#870007,usgs,কুড়িল দ্বীপপুঞ্জের উত্তর-পশ্চিমে ভূমিকম্প,2026-01-15T10:56:00+00:00,,0.2308884671258841,2,1,bn,RFE,Asia
'f6ff301646',extremes,Drought,#edc291,edo,খরা সোমালিয়া,2026-01-15T10:57:00+00:00,Somalia,0.23088614559860002,2,1,bn,NEAF,Africa
'd9cc56f031',extremes,Drought,#edc291,edo,শুকনো বানান তাজিকিস্তান,2026-01-15T10:57:00+00:00,Tajikistan,0.2308850237033942,2,1,bn,WCA,Asia
'22045a461a',extremes,Earthquake,#870007,usgs,ভূমিকম্প ইজু দ্বীপপুঞ্জ জাপান অঞ্চল,2026-01-15T10:56:00+00:00,,0.2308847285802061,2,1,bn,NPO,Pacific Ocean
'43540d11be',extremes,Earthquake,#870007,usgs,ভূমিকম্প আক্কেশী,2026-01-15T10:56:00+00:00,Japan,0.2308647901049356,2,1,bn,EAS,Asia
'74236bd182',extremes,Drought,#edc291,edo,বৃষ্টির আইসল্যান্ডের অভাব,2026-01-15T10:57:00+00:00,Iceland,0.2308605524243145,2,1,bn,GIC,Europe
'a6144d1f04',extremes,Earthquake,#870007,usgs,ভূমিকম্প ইঁদুর দ্বীপ aleutian দ্বীপপুঞ্জ আলাস্কা,2026-01-15T10:56:00+00:00,,0.2308360835172904,2,1,bn,NPO,Pacific Ocean
'f986f74559',extremes,Earthquake,#870007,usgs,ভূমিকম্প যোনাকুনি,2026-01-15T10:56:00+00:00,Japan,0.2308299448466088,2,1,bn,EAS,Asia
'1a5e4bce35',extremes,Drought,#edc291,edo,বৃষ্টির অভাব কুয়েত,2026-01-15T10:57:00+00:00,Kuwait,0.2308192611156805,2,1,bn,ARP,Asia
'e1559df16c',extremes,Earthquake,#870007,usgs,ভূমিকম্প টোবেলো,2026-01-15T10:56:00+00:00,Indonesia,0.2308166685931882,2,1,bn,SEA,Asia
'c29a12e099',extremes,Earthquake,#870007,usgs,ভূমিকম্প সান ভিসেন্টে ডি ক্যানেতে,2026-01-15T12:13:00+00:00,Peru,0.2308104260999496,2,1,bn,NWS,South-America
'958e326b08',extremes,Earthquake,#870007,usgs,ভূমিকম্প বনিন দ্বীপপুঞ্জ জাপান অঞ্চল,2026-01-15T10:56:00+00:00,,0.2308099310011247,2,1,bn,NPO,Pacific Ocean
'c25ecb1005',extremes,Earthquake,#870007,usgs,ভূমিকম্প ইলান,2026-01-15T10:56:00+00:00,Taiwan,0.2308061356214035,2,1,bn,EAS,Asia
'0ca87424f0',extremes,Drought,#edc291,edo,শুষ্কতা মরক্কো,2026-01-15T10:57:00+00:00,Morocco,0.2308057172308661,2,1,bn,MED,Africa
'34799f2163',extremes,Drought,#edc291,edo,কঙ্গো খরা প্রজাতন্ত্র,2026-01-15T10:57:00+00:00,Republic of the Congo,0.2308037723077384,2,1,bn,CAF,Africa
'06532967b8',extremes,Drought,#edc291,edo,বৃষ্টির অভাব ব্রাজিল,2026-01-15T10:57:00+00:00,Brazil,0.2308004627133839,2,1,bn,SAM,South-America
'eb91bf9344',extremes,Earthquake,#870007,usgs,কারমাডেক দ্বীপপুঞ্জের দক্ষিণে ভূমিকম্প,2026-01-15T10:56:00+00:00,,0.2307978535461382,2,1,bn,SPO,Pacific Ocean
'bef1a25283',extremes,Drought,#edc291,edo,শুষ্ক বানান সিরিয়া,2026-01-15T10:57:00+00:00,Syria,0.2307955175699435,2,1,bn,MED,Asia
'1c9dc747da',extremes,Drought,#edc291,edo,বৃষ্টির অভাব কিউবা,2026-01-15T10:57:00+00:00,Cuba,0.2307944814806513,2,1,bn,CAR,North-America
'16348a6786',extremes,Drought,#edc291,edo,শুকনো বানান তিউনিসিয়া,2026-01-15T10:57:00+00:00,Tunisia,0.2307942356227156,2,1,bn,MED,Africa
'a627698ed3',extremes,Earthquake,#870007,usgs,ভূমিকম্প সান্তিয়াগো,2026-01-15T10:56:00+00:00,Philippines,0.2307909301368217,2,1,bn,SEA,Asia
'ebe3f8a23f',extremes,Drought,#edc291,edo,বৃষ্টির অভাব কিরিবাতি,2026-01-15T10:57:00+00:00,Kiribati,0.2307885391640562,2,1,bn,EAO,Atlantic Ocean
'3f59d8a7a4',extremes,Drought,#edc291,edo,খরা আর্মেনিয়া,2026-01-15T10:57:00+00:00,Armenia,0.2307823484068324,2,1,bn,WCA,Asia
'1613eab3ee',extremes,Drought,#edc291,edo,বৃষ্টির অভাব ইথিওপিয়া,2026-01-15T10:57:00+00:00,Ethiopia,0.2307799909817397,2,1,bn,NEAF,Africa
'f1493fbbc1',extremes,Drought,#edc291,edo,বৃষ্টি বুভেট দ্বীপের অভাব,2026-01-15T10:57:00+00:00,Bouvet Island,0.2307765598080459,2,1,bn,SOO,Antarctica
'49e564d95b',extremes,Drought,#edc291,edo,খরা স্বালবার্ড এবং জ্যান মায়েন দ্বীপপুঞ্জ,2026-01-15T10:57:00+00:00,Svalbard and Jan Mayen Islands,0.2307751452184172,2,1,bn,ARO,Arctica
'5bd3759e67',extremes,Drought,#edc291,edo,খরা প্রাচীর এবং ফুটুনা,2026-01-15T10:57:00+00:00,Wallis and Futuna,0.2307745850887961,2,1,bn,SPO,Pacific Ocean
'9845e6aafe',extremes,Drought,#edc291,edo,খরা উত্তর মারিয়ানা দ্বীপপুঞ্জ,2026-01-15T10:57:00+00:00,Northern Mariana Islands,0.2307701775907697,2,1,bn,NPO,Pacific Ocean
'63aea37e6c',extremes,Earthquake,#870007,usgs,ভূমিকম্প মুতসু,2026-01-15T10:56:00+00:00,Japan,0.230766085199169,2,1,bn,EAS,Asia
'3c0d8a70ba',extremes,Earthquake,#870007,usgs,ভূমিকম্প ফিনশ্চফেন,2026-01-15T12:13:00+00:00,Papua New Guinea,0.2307622608721354,2,1,bn,SEA,Asia
'5a7935db1c',extremes,Drought,#edc291,edo,খরা এস্বাতিনী,2026-01-15T10:57:00+00:00,Eswatini,0.2307588800047824,2,1,bn,ESAF,Africa
'e058bc3eb7',extremes,Drought,#edc291,edo,খরা শ্রীলঙ্কা,2026-01-15T10:57:00+00:00,Sri Lanka,0.2307574144904589,2,1,bn,BOB,Asia
'bba49c53eb',extremes,Drought,#edc291,edo,বৃষ্টির অভাব নরফোক দ্বীপ,2026-01-15T10:57:00+00:00,Norfolk Island,0.2307563813801242,2,1,bn,SPO,Pacific Ocean
'a0374d7fc3',extremes,Drought,#edc291,edo,বৃষ্টির অভাব নাইগার,2026-01-15T10:57:00+00:00,Niger,0.2307543137025938,2,1,bn,SAH,Africa
'f84e373f72',extremes,Drought,#edc291,edo,কোকোস দ্বীপে বৃষ্টির অভাব,2026-01-15T10:57:00+00:00,Cocos Islands,0.2307536908972978,2,1,bn,SIO,Indian Ocean
'4c395ac77e',extremes,Drought,#edc291,edo,শুষ্কতা বুরকিনা ফাসো,2026-01-15T10:57:00+00:00,Burkina Faso,0.2307500072931867,2,1,bn,WAF,Africa
'1918ad6f9e',extremes,Drought,#edc291,edo,খরা টুভালু,2026-01-15T10:57:00+00:00,Tuvalu,0.2307499701268202,2,1,bn,EPO,Pacific Ocean
'bc178afc30',extremes,Drought,#edc291,edo,শুষ্কতা মরিশাস,2026-01-15T10:57:00+00:00,Mauritius,0.2307477432282433,2,1,bn,SIO,Indian Ocean
'904c16f856',extremes,Drought,#edc291,edo,শুকনো বানান টোগো,2026-01-15T10:57:00+00:00,Togo,0.2307431815424104,2,1,bn,WAF,Africa
'8daec4f52d',extremes,Earthquake,#870007,usgs,ইস্টার দ্বীপের দক্ষিণ-পূর্বে ভূমিকম্প,2026-01-15T10:56:00+00:00,,0.2307413651483997,2,1,bn,SPO,Pacific Ocean
'34fd30e809',extremes,Earthquake,#870007,usgs,ভূমিকম্প ক্যালাম,2026-01-15T10:56:00+00:00,Chile,0.2307406765314167,2,1,bn,SWS,South-America
'617402fc79',extremes,Drought,#edc291,edo,শুষ্ক বানান ইরিত্রিয়া,2026-01-15T10:57:00+00:00,Eritrea,0.2307381820522189,2,1,bn,SAH,Africa
'22cdaf7557',extremes,Drought,#edc291,edo,খরা মালাউই,2026-01-15T10:57:00+00:00,Malawi,0.2307345813498592,2,1,bn,ESAF,Africa
'c7be7a383d',extremes,Earthquake,#870007,usgs,ভূমিকম্প সারঙ্গনি,2026-01-15T10:56:00+00:00,Philippines,0.2307275494303492,2,1,bn,SEA,Asia
'02f4a27a12',extremes,Earthquake,#870007,usgs,ভূমিকম্প মেন্ডি,2026-01-15T12:13:00+00:00,Papua New Guinea,0.2307230364933822,2,1,bn,SEA,Oceania
'685995fcc4',extremes,Earthquake,#870007,usgs,ম্যাককুয়ারি দ্বীপের পশ্চিমে ভূমিকম্প,2026-01-15T10:56:00+00:00,,0.2307202328384395,2,1,bn,SOO,Antarctica
'925cc6c6e9',extremes,Drought,#edc291,edo,শুষ্ক বানান কোস্টা রিকা,2026-01-15T10:57:00+00:00,Costa Rica,0.230717027626301,2,1,bn,SCA,South-America
'474905c6c6',extremes,Drought,#edc291,edo,বৃষ্টির অভাব নামিবিয়া,2026-01-15T10:57:00+00:00,Namibia,0.2307088832841737,2,1,bn,WSAF,Africa
'c08305ef9e',extremes,Drought,#edc291,edo,শুষ্কতা martinique,2026-01-15T10:57:00+00:00,Martinique,0.23068802528856963,2,1,bn,CAR,North-America
'84f30e1888',extremes,Cold Wave,#a7e9fa,wmo,হরিয়ানার ৪টি জেলায় শৈত্যপ্রবাহ,2026-01-22T03:59:00+00:00,India,0.2289586158752648,6,1,bn,SAS,Asia
'60bddf3351',extremes,Drought,#edc291,edo,বৃষ্টির অভাব ভারত,2026-01-19T04:03:00+00:00,India,0.228101860565373,3,1,bn,SAS,Asia
'7d6aaace1c',extremes,Wildfire,#d60d2b,wmo,wildfire India,2026-01-15T10:56:00+00:00,India,0.2273595924377801,6,1,bn,SAS,Asia
'5aac2a6d30',extremes,Storm,#b3b2b1,wmo,ঝড় ভারত,2026-01-27T03:58:00+00:00,India,0.2258844608923771,6,1,bn,SAS,Asia
'c0a78137a9',extremes,Thunderstorm,#53785a,wmo,শিলাবৃষ্টি ভারত,2026-01-22T03:59:00+00:00,India,0.225880177302182,6,1,bn,SAS,Asia
'ff7862e348',extremes,Drought,#edc291,edo,শুষ্কতা ভারত,2026-01-26T04:09:00+00:00,India,0.2231053476141643,3,1,bn,SAS,Asia
'fc65ba09fe',extremes,Thunderstorm,#53785a,wmo,পাঞ্জাবের ১২টি জেলায় শিলাবৃষ্টি,2026-01-22T03:59:00+00:00,India,0.2214490549096498,6,1,bn,SAS,Asia
'35bd62c5a9',extremes,Drought,#edc291,edo,খরা ভারত,2026-01-15T10:57:00+00:00,India,0.2208374251950573,5,1,bn,SAS,Asia
'69f6b18bc8',extremes,Drought,#edc291,edo,বৃষ্টির অভাব বাংলাদেশে,2026-01-24T03:49:00+00:00,Bangladesh,0.2204768171642016,4,1,bn,SAS,Asia
'aa8d0f641e',extremes,Precipitation,#d60d2b,wmo,মুষলধারে বৃষ্টি ভারত,2026-01-25T04:06:00+00:00,India,0.2194345161573985,6,1,bn,SAS,Asia
'da77b5167a',extremes,Earthquake,#870007,usgs,ভূমিকম্প হাইউলিয়াং,2026-01-22T03:59:00+00:00,India,0.2135892362670261,4,1,bn,SAS,Asia
'2d4d2b3089',extremes,Snow&Ice,#d60d2b,wmo,উত্তরাখণ্ডের ১১টি জেলায় বরফ,2026-01-22T03:59:00+00:00,India,0.2133861487791001,6,1,bn,SAS,Asia
'82fd55b965',extremes,Drought,#edc291,edo,শুষ্ক বানান ভারত,2026-01-24T03:49:00+00:00,India,0.2106778235639469,3,1,bn,SAS,Asia
'f199635353',extremes,Earthquake,#870007,usgs,ভূমিকম্প মরিগাঁও,2026-01-15T10:56:00+00:00,India,0.2083654867416008,3,1,bn,SAS,Asia
'4ec651f142',extremes,Snow&Ice,#d60d2b,wmo,উত্তরাখণ্ডের ১১টি জেলায় বরফ,2026-01-21T03:56:00+00:00,India,0.208287747830184,6,1,bn,SAS,Asia
'6a0e9887e1',extremes,Fog,#d60d2b,wmo,কুয়াশা উত্তরপ্রদেশের ১৫টি জেলা,2026-01-17T03:44:00+00:00,India,0.2011641297306988,5,1,bn,SAS,Asia
'3f3ddd0b49',extremes,Earthquake,#870007,usgs,ভূমিকম্প ভারত,2026-01-15T10:56:00+00:00,India,0.200894589496708,3,1,bn,SAS,Asia
'0d1bdfbccc',extremes,Cold Wave,#a7e9fa,wmo,হিমায়িত ভারত,2026-01-15T10:56:00+00:00,India,0.2005097063618431,7,1,bn,SAS,Asia
'0f7c486492',extremes,Wildfire,#d60d2b,wmo,দাবানল অরুণাচল প্রদেশ,2026-01-15T12:14:00+00:00,India,0.2004244346966143,7,1,bn,SAS,Asia
'8b022b84c7',extremes,Wildfire,#d60d2b,wmo,wildfire মধ্যপ্রদেশ,2026-01-15T10:56:00+00:00,India,0.2003438542130655,7,1,bn,SAS,Asia
'de7359a8f0',extremes,Wildfire,#d60d2b,wmo,দাবানল উত্তরাখণ্ড,2026-01-15T10:56:00+00:00,India,0.1989279168891347,3,1,bn,SAS,Asia
'45f861329d',extremes,Landslide,#572c03,aidr,ভূমিধস অ্যাডিলেড পাহাড় দক্ষিণ অস্ট্রেলিয়া,2026-01-15T10:57:00+00:00,Australia,0.1965246350001379,3,1,bn,SAU,Oceania
'a241cba1ba',extremes,Volcano,#b83202,eonet,অ্যামব্রিম আগ্নেয়গিরি ভানুয়াতু,2026-01-15T10:56:00+00:00,Vanuatu,0.196513102554128,3,1,bn,SPO,Oceania
'6f7179aa00',extremes,Volcano,#b83202,eonet,আগ্নেয়গিরি ফিলিপাইন,2026-01-15T10:56:00+00:00,Philippines,0.1965061718158696,3,1,bn,SEA,Asia
'7a2481f0b1',extremes,Flood,#030ba1,aidr,নদী বন্যা অস্ট্রেলিয়া,2026-01-15T10:57:00+00:00,Australia,0.1964683834941983,3,1,bn,EAU,Oceania
'ebe314dd99',extremes,Flood,#030ba1,aidr,ভারী বৃষ্টিপাত এবং বন্যা কুইন্সল্যান্ড ফেব্রুয়ারী 2020,2026-01-15T10:57:00+00:00,Australia,0.1964676100768417,3,1,bn,EAU,Oceania
'02f56319a7',extremes,Flood,#030ba1,wmo,বন্যা অস্ট্রেলিয়া,2026-01-15T10:56:00+00:00,Australia,0.1964669186114301,3,1,bn,CAU,Oceania
'3894a694d1',extremes,Flood,#030ba1,aidr,ফ্ল্যাশ বন্যা অস্ট্রেলিয়া,2026-01-15T10:57:00+00:00,Australia,0.1964623509615201,3,1,bn,EAU,Oceania
'6852666385',extremes,Earthquake,#870007,usgs,ভূমিকম্প বন্দর মাথুরিন,2026-01-15T12:13:00+00:00,Mauritius,0.1964349127749179,3,1,bn,SIO,Indian Ocean
'2c38aada07',extremes,Earthquake,#870007,usgs,ভূমিকম্প কোলচেন,2026-01-15T12:13:00+00:00,Chile,0.1964337937468667,3,1,bn,SWS,South-America
'26349abe17',extremes,Tsunami,#690191,usgs,সুনামি আট্টু স্টেশন,2026-01-15T12:13:00+00:00,Alaska,0.1964253500074503,3,1,bn,NPO,Pacific Ocean
'464d595634',extremes,Earthquake,#870007,usgs,ভূমিকম্প ক্যামিনা,2026-01-15T12:13:00+00:00,Chile,0.1964235504296383,3,1,bn,SWS,South-America
'6b1cc9478a',extremes,Earthquake,#870007,usgs,ভূমিকম্প মাবরুমা,2026-01-15T10:56:00+00:00,Guyana,0.1964158858925109,3,1,bn,NSA,South-America
'd18c9a3f35',extremes,Earthquake,#870007,usgs,সান আন্তোনিও দে লস কোবরেস ভূমিকম্প,2026-01-15T10:56:00+00:00,Argentina,0.1964146860700441,3,1,bn,SES,South-America
'fa8badb0c3',extremes,Tsunami,#690191,usgs,সুনামি ব্যাকুলিন,2026-01-15T10:56:00+00:00,Philippines,0.1964139572447568,3,1,bn,SEA,Asia
'23ad2bb822',extremes,Earthquake,#870007,usgs,ভূমিকম্প রাশিয়া,2026-01-15T10:56:00+00:00,Russia,0.19641378904527,3,1,bn,EAS,Asia
'2617cc6cc9',extremes,Earthquake,#870007,usgs,ভূমিকম্প নিউজিল্যান্ড,2026-01-15T10:56:00+00:00,New Zealand,0.1964131163054723,3,1,bn,NZ,Oceania
'73d01d320c',extremes,Earthquake,#870007,usgs,ভূমিকম্প আফগানিস্তান,2026-01-15T12:13:00+00:00,Afghanistan,0.1964102739839464,3,1,bn,WCA,Asia
'f4e7397282',extremes,Tsunami,#690191,usgs,সুনামি পোর্ট আলসওয়ার্থ,2026-01-15T10:56:00+00:00,United States,0.1964102600698633,3,1,bn,NWN,North-America
'072f41af80',extremes,Earthquake,#870007,usgs,ভূমিকম্প আরাটোকা,2026-01-15T10:56:00+00:00,Colombia,0.1964076526660215,3,1,bn,NWS,South-America
'e1256a9495',extremes,Tsunami,#690191,usgs,সুনামি রাঞ্চো ভিজো,2026-01-15T10:56:00+00:00,Mexico,0.1964026545066151,3,1,bn,SCA,North-America
'e551102071',extremes,Earthquake,#870007,usgs,ভূমিকম্প ভানুয়াতু,2026-01-15T10:56:00+00:00,Vanuatu,0.1964018314337573,3,1,bn,SPO,Pacific Ocean
'c605f8759a',extremes,Earthquake,#870007,usgs,ভূমিকম্প গুয়াম,2026-01-15T10:56:00+00:00,Guam,0.1963988646908157,3,1,bn,NPO,Pacific Ocean
'9f3b29621a',extremes,Earthquake,#870007,usgs,ভূমিকম্প কেন্দ্রীয় মধ্য আটলান্টিক রিজ,2026-01-15T10:56:00+00:00,,0.1963986914900994,3,1,bn,EAO,Atlantic Ocean
'7e7895dc7a',extremes,Earthquake,#870007,usgs,ভূমিকম্প তাজিকিস্তান,2026-01-15T10:56:00+00:00,Tajikistan,0.1963929042252461,3,1,bn,WCA,Asia
'db5f39549c',extremes,Earthquake,#870007,usgs,ভূমিকম্প ইন্দোনেশিয়া,2026-01-15T10:56:00+00:00,Indonesia,0.1963896646328494,3,1,bn,SEA,Asia
'85a135fac3',extremes,Earthquake,#870007,usgs,ভূমিকম্প ozernovskiy,2026-01-15T10:56:00+00:00,Russia,0.1963895750964891,3,1,bn,RFE,Asia
'6bf5e2061d',extremes,Earthquake,#870007,usgs,ভূমিকম্প দুর্গ,2026-01-15T10:56:00+00:00,New Zealand,0.1963796108219767,3,1,bn,NZ,Oceania
'9de3c9007e',extremes,Earthquake,#870007,usgs,ভূমিকম্প ইয়াকুত,2026-01-15T10:56:00+00:00,Alaska,0.1963570042997915,3,1,bn,NWN,North-America
'b0d647e9d3',extremes,Earthquake,#870007,usgs,ভূমিকম্প দক্ষিণ-পূর্ব ভারতীয় রিজ,2026-01-15T10:56:00+00:00,,0.196356056586562,3,1,bn,SOO,Antarctica
'90e6558608',extremes,Earthquake,#870007,usgs,ভূমিকম্প দক্ষিণ মধ্য আটলান্টিক রিজ,2026-01-15T10:56:00+00:00,,0.1963444455520945,3,1,bn,SAO,Atlantic Ocean
'd46b5571fa',extremes,Tsunami,#690191,usgs,সুনামি তাইওয়ান,2026-01-15T12:13:00+00:00,Taiwan,0.1963375961473429,3,1,bn,EAS,Asia
'505a53d28b',extremes,Earthquake,#870007,usgs,ভূমিকম্প বন্দর ভিলা,2026-01-15T10:56:00+00:00,Vanuatu,0.1963329868505958,3,1,bn,SPO,Oceania
'ba6e07a583',extremes,Storm,#b3b2b1,emdat,ঝড় আল হাসকেহ গভর্নরেটস,2026-01-15T10:57:00+00:00,Syria,0.1963256864490002,3,1,bn,MED,Asia
'95694d19cf',extremes,Earthquake,#870007,usgs,ভূমিকম্প ইয়েমেন,2026-01-15T12:13:00+00:00,Yemen,0.1963225949270392,3,1,bn,NEAF,Africa
'53e17b7a15',extremes,Earthquake,#870007,usgs,ভূমিকম্প হাউমা,2026-01-15T10:56:00+00:00,Tonga,0.1963029693792963,3,1,bn,SPO,Pacific Ocean
'485794e3d4',extremes,Earthquake,#870007,usgs,ভূমিকম্প কানাডা,2026-01-15T12:13:00+00:00,Canada,0.1962973659301249,3,1,bn,NWN,North-America
'526ac614cf',extremes,Earthquake,#870007,usgs,ভূমিকম্প সান্তে মারি,2026-01-15T12:13:00+00:00,Martinique,0.1962940417505071,3,1,bn,CAR,North-America
'eabe6169ab',extremes,Earthquake,#870007,usgs,ভূমিকম্প টোঙ্গা,2026-01-15T10:56:00+00:00,Tonga,0.1962610624861114,3,1,bn,SPO,Pacific Ocean
'cce4634973',extremes,Drought,#edc291,edo,শুকনো বানান কেনিয়া,2026-01-15T10:57:00+00:00,Kenya,0.1962391833439997,3,1,bn,SEAF,Africa
'08226562a9',extremes,Earthquake,#870007,usgs,ভূমিকম্প ফাইস,2026-01-15T10:56:00+00:00,Micronesia,0.1962371698384144,3,1,bn,NPO,Pacific Ocean
'982d97b8ec',extremes,Earthquake,#870007,usgs,ভূমিকম্প সুসানভিল,2026-01-15T12:13:00+00:00,United States,0.1962115481751304,3,1,bn,WNA,North-America
'0816dd344b',extremes,Earthquake,#870007,usgs,ভূমিকম্প লে,2026-01-15T10:56:00+00:00,Papua New Guinea,0.1962085813985763,3,1,bn,SEA,Asia
'0e39632695',extremes,Drought,#edc291,edo,বৃষ্টির অভাব ইরান,2026-01-15T10:57:00+00:00,Iran,0.1961968360381503,3,1,bn,WCA,Asia
'69a64e0e6b',extremes,Drought,#edc291,edo,শুষ্কতা ইরাক,2026-01-15T10:57:00+00:00,Iraq,0.1961485525475219,3,1,bn,WCA,Asia
'99549776e6',extremes,Drought,#edc291,edo,খরা পাপুয়া নিউ গিনি,2026-01-15T10:57:00+00:00,Papua New Guinea,0.196145905723984,3,1,bn,EPO,Pacific Ocean
'0df507a059',extremes,Drought,#edc291,edo,শুষ্ক বানান আজারবাইজান,2026-01-15T10:57:00+00:00,Azerbaijan,0.1961419363411146,3,1,bn,WCA,Asia
'fd25f2baec',extremes,Drought,#edc291,edo,শুষ্কতা সেশেলস,2026-01-15T10:57:00+00:00,Seychelles,0.19614039984052242,3,1,bn,EIO,Indian Ocean
'8ee5eff537',extremes,Snow Avalanche,#deddd5,wmo,লাদাখের কার্গিল জেলায় তুষারপাত,2026-01-25T04:06:00+00:00,India,0.1928819827614559,7,1,bn,SAS,Asia
'b6a7c43ff9',extremes,Drought,#edc291,edo,শুষ্কতা বাংলাদেশ,2026-01-17T03:44:00+00:00,Bangladesh,0.1907040828226015,6,1,bn,SAS,Asia
'4093195155',extremes,Storm,#b3b2b1,wmo,storm surge India,2026-01-22T03:59:00+00:00,India,0.1904161990229601,7,1,bn,SAS,Asia
'f9f9aaa314',extremes,Earthquake,#870007,usgs,ভূমিকম্প ধিং,2026-01-15T10:56:00+00:00,India,0.1767364196565961,4,1,bn,SAS,Asia
'26fee806c3',extremes,Precipitation,#d60d2b,wmo,ভারতবর্ষণ,2026-01-17T03:44:00+00:00,India,0.1675802704615229,6,1,bn,SAS,Asia
'1a17358ebb',extremes,Tsunami,#690191,usgs,সুনামি তোবেলো,2026-01-15T10:56:00+00:00,Indonesia,0.166962152819619,4,1,bn,SEA,Asia
'018b9ccc96',extremes,Earthquake,#870007,usgs,ভূমিকম্প মরিশাস পুনর্মিলন অঞ্চল,2026-01-15T10:56:00+00:00,,0.1669598775616847,4,1,bn,SIO,Indian Ocean
'edcb89e9c3',extremes,Earthquake,#870007,usgs,ভূমিকম্প পাপুয়া নিউ গিনি,2026-01-15T10:56:00+00:00,Papua New Guinea,0.1669191728525023,4,1,bn,SEA,Asia
'03f33e230d',extremes,Earthquake,#870007,usgs,ভূমিকম্প চিলি,2026-01-15T10:56:00+00:00,Chile,0.1669146051384442,4,1,bn,SWS,South-America
'3e797c4058',extremes,Earthquake,#870007,usgs,ভূমিকম্প ফিজি,2026-01-15T10:56:00+00:00,Fiji,0.1669109174340335,4,1,bn,SPO,Pacific Ocean
'2407b3a8ab',extremes,Drought,#edc291,edo,শুষ্কতা বুরুন্ডি,2026-01-15T10:57:00+00:00,Burundi,0.1668528158094079,4,1,bn,SEAF,Africa
'2725619969',extremes,Earthquake,#870007,usgs,ভূমিকম্প হানাওয়া,2026-01-15T12:13:00+00:00,Japan,0.166799584022303,4,1,bn,EAS,Asia
'40a849aef3',extremes,Earthquake,#870007,usgs,ভূমিকম্প ঝাওটং,2026-01-15T12:13:00+00:00,China,0.1667865750737878,4,1,bn,EAS,Asia
'd6786cc958',extremes,Snow Avalanche,#deddd5,wmo,লাদাখের লেহ লাদাখ জেলায় তুষারপাত,2026-01-27T03:58:00+00:00,India,0.1644955295719967,8,1,bn,SAS,Asia
'95b2881221',extremes,Precipitation,#d60d2b,random,বায়ুমণ্ডলীয় নদী,2026-01-15T10:20:00+00:00,,0.1245904085177332,1,1,bn,,
'45480a05ce',extremes,Tropical Cyclone,#4f4f4f,random,টাইফুন,2026-01-15T10:20:00+00:00,,0.1241841951268865,1,1,bn,,
'f90601fa23',extremes,Volcano,#b83202,random,আগ্নেয়গিরির অগ্ন্যুৎপাত,2026-01-15T10:20:00+00:00,,0.1237632357928776,1,1,bn,,
'b6cef22543',extremes,Drought,#edc291,random,জল সীমাবদ্ধতা,2026-01-15T10:20:00+00:00,,0.1059905091602704,2,1,bn,,
'633ed59c63',extremes,Iceberg,#d60d2b,random,আর্কটিক সমুদ্রের বরফ,2026-01-15T10:20:00+00:00,,0.1057865135028643,2,1,bn,,
'0053afc92f',extremes,Volcano,#b83202,random,লাহার,2026-01-15T10:20:00+00:00,,0.1056955594197259,2,1,bn,,
'ccefefc59e',extremes,Drought,#edc291,random,ঝলকানি খরা,2026-01-15T10:20:00+00:00,,0.105625975973682,2,1,bn,,
'1fefacbadb',extremes,Iceberg,#d60d2b,random,হিমবাহ calving,2026-01-15T10:20:00+00:00,,0.1044084668720184,2,1,bn,,
'f3b91506ec',extremes,Cold Wave,#a7e9fa,random,রেকর্ড ঠান্ডা,2026-01-15T10:20:00+00:00,,0.0899873479581279,3,1,bn,,
'f7a0f1c060',extremes,Cold Wave,#a7e9fa,random,শীতলতম বছর,2026-01-15T10:20:00+00:00,,0.0768247776686043,4,1,bn,,
